,brief,classes_name,header,news_url,pubtime,savetime
0,十月的南粤大地，洋溢收获的喜悦，升腾无限的希望。时隔6年，习近平总书记再次踏足广东这片改革热土。,澎湃新闻,新华社评论员：高举新时代改革开放旗帜,https://www.thepaper.cn/newsDetail_forward_2570078,12小时前,2018-10-27 20:01:50
1,7月24日，中央巡视组向体育总局党组反馈了巡视意见。根据《中国共产党巡视工作条例》和《中国共产党党内监督条例》有关规定，现将巡视整改进展情况予以公布。,澎湃新闻,体总整改：司局级干部配偶、子女、子女配偶不得报考直属单位,https://www.thepaper.cn/newsDetail_forward_2571411,1小时前,2018-10-27 20:01:50
2,27日上午，日本群马县伊势崎市一公寓浴室内，附近居民发现一名25岁的中国女研修生头部流血。该女性被送医后死亡，群马县警方认为是杀人事件。,澎湃新闻,日本一中国女研修生头部流血送医死亡，当地警方称是杀人事件,https://www.thepaper.cn/newsDetail_forward_2571296,1小时前,2018-10-27 20:01:50
3,27日下午，记者从酒泉卫星发射中心最新获悉，“朱雀・南太湖号”一二级分离成功，整流罩分离成功，但由于三级在飞行过程中出现异常，卫星未能入轨。,澎湃新闻,民营火箭朱雀・南太湖号发射升空：三级飞行异常，卫星未入轨,https://www.thepaper.cn/newsDetail_forward_2571487,44分钟前,2018-10-27 20:01:50
4,塞舌尔总统富尔请刘奇葆转达他对习近平主席的问候和祝愿。他表示，塞方将坚持一个中国政策，愿进一步密切同中方的合作，推动两国友好关系发展。,澎湃新闻,塞舌尔总统富尔会见刘奇葆,https://www.thepaper.cn/newsDetail_forward_2571423,21分钟前,2018-10-27 20:01:50
5,微博认证用户“爱狗爱猫义工团”发文称，近日，通州区一小区内陆续发现5只被金属镖射伤的流浪猫，而且这些镖带倒钩，拔都拔不出，非常残忍。,澎湃新闻,北京一小区5只流浪猫连遭射杀，知情人：镖带倒钩，都拔不出,https://www.thepaper.cn/newsDetail_forward_2571382,24分钟前,2018-10-27 20:01:50
6,全国政协24日在京召开第一次网络议政远程协商会。本次协商活动以“优化营商环境，促进民营经济高质量发展”为主题。,澎湃新闻,800余位政协委员就“促进民营经济高质量发展”在线建言,https://www.thepaper.cn/newsDetail_forward_2571483,24分钟前,2018-10-27 20:01:50
7,救援队抵达现场后了解到，一名遇险者攀登中发生滑坠，另一人前来搜救时被困。滑坠者当时面朝雪面，身体略蜷缩，雪面上有血迹。,澎湃新闻,五名登山者违规进藏登山一人遇难，管理部门提醒远离偷登,https://www.thepaper.cn/newsDetail_forward_2571360,25分钟前,2018-10-27 20:01:50
8,南大梁莹百余篇论文“404”，对其学术不端、教学不屑的评论一时如沸。但梁莹说“我这条路有多难你知道吗？”，当教授这条路到底有多难？澎湃新闻带你看看。,澎湃新闻,冷知识 | 35岁前当上教授有多难？,https://www.thepaper.cn/newsDetail_forward_2568229,37分钟前,2018-10-27 20:01:50
9,10月27日浙江，杭州东站“大妈乞讨，车站循环广播其生活优越”的视频热传。车站管委会负责人告诉澎湃新闻，该大妈长期强讨，多方处理未果后，车站才采取了广播的方式。,澎湃新闻,大妈乞讨，车站广播：她生活条件优越,https://www.thepaper.cn/newsDetail_forward_2571444,40分钟前,2018-10-27 20:01:50
10,要着力抓好市县机构合理设置，赋予市县机构更多自主权，巩固市县设立行政审批局改革成果，持续深化经济发达镇行政管理体制改革，构建简约高效的基层管理体制。,澎湃新闻,《河北省机构改革方案》获批，省级机构改革在11月底完成,https://www.thepaper.cn/newsDetail_forward_2571424,54分钟前,2018-10-27 20:01:50
11,清华大学继续教育学院管理培训部的朱老师告诉记者，清华大学继续教育学院的确有针对企业高管的培训、研修项目，但是对外招生时不会用“总裁班”的说法。,澎湃新闻,“清华总裁班”同学开饭馆破产，清华：招生时不会用总裁字眼,https://www.thepaper.cn/newsDetail_forward_2571239,1小时前,2018-10-27 20:01:50
12,10月23日，浙江温州。姚某骑电动车经过路口，撞上一辆突然窜出的自行车。本是双方过错，姚某却逃离。交警介绍，本不应负主责的姚某，事故后逃逸，据相关规定应担全责。,澎湃新闻,电动车撞上自行车后逃逸：次责变全责,https://www.thepaper.cn/newsDetail_forward_2571092,1小时前,2018-10-27 20:01:50
13,经乌兰察布市纪委监委指定，卓资县纪委监委目前正在对乌兰察布市集宁区公安局党委委员、副政委刘慧东涉嫌严重违纪违法问题进行纪律审查和监察调查。,澎湃新闻,内蒙古乌兰察布市集宁区两名公安系统干部同步落马,https://www.thepaper.cn/newsDetail_forward_2571373,1小时前,2018-10-27 20:01:51
14,该案共审查调查处理党员或国家公职人员119人，其中县处级干部16人、乡科级干部60人、一般干部36人、其他非公职人员7人。,澎湃新闻,河北李文华涉黑案查处党员或公职人员119人，处级16人,https://www.thepaper.cn/newsDetail_forward_2571320,1小时前,2018-10-27 20:01:51
15,10月27日下午，由上海、江苏、浙江和安徽“三省一市”民办教育行业组织共同发起的“长三角民办教育一体化发展联盟”在上海宣告成立。,澎湃新闻,长三角民办教育一体化发展联盟成立，推动区域教育现代化进程,https://www.thepaper.cn/newsDetail_forward_2571242,1小时前,2018-10-27 20:01:51
16,海子是我国现当代最重要的诗人之一，悬疑作家蔡骏在自己的小说《生死河》中曾引用过海子的诗《莫扎特在<安魂曲>中说》。本期“为你读诗”，蔡骏为你朗读海子的这首诗。,澎湃新闻,为你读诗｜蔡骏朗读海子的《莫扎特在<安魂曲>中说》,https://www.thepaper.cn/newsDetail_forward_2570059,1小时前,2018-10-27 20:01:51
17,沈浩精神和“大包干”精神，是小岗文化中的两面旗帜。今天我们说小岗，必然要说沈浩。没有小岗，不可能有沈浩；而没有沈浩，小岗也不可能有当下丰富的文化内涵。,澎湃新闻,中国精神｜小岗村沈浩故事：初到时曾挨“黑拳”接恐吓电话,https://www.thepaper.cn/newsDetail_forward_2569412,1小时前,2018-10-27 20:01:51
18,山西太原杏岭实验学校曾承诺斥巨资资助贫困区县品学兼优的初中生。不过，多名家长近日向澎湃新闻（www.thepaper.cn）反映，三年过去了，“奖金”仍未落实。,澎湃新闻,太原一民办高中被指为揽生源允诺重奖不兑现，校长否认曾承诺,https://www.thepaper.cn/newsDetail_forward_2571163,1小时前,2018-10-27 20:01:51
19,站在两国关系重回正轨的坐标系下审视，中日领导人“同步”强调务实合作、相互配合、在第三方市场开展合作项目等关键词，所表达的正是欲实现三方或多方共赢的愿景。,澎湃新闻,中日合作以三方共赢作答：多边主义和自由贸易符合双方利益,https://www.thepaper.cn/newsDetail_forward_2571180,2小时前,2018-10-27 20:01:51
20,李强对各位国际企业家来沪参加第30次上海市市长国际企业家咨询会议表示欢迎，感谢大家多年来为上海城市建设发展、为国际企业家咨询会议成功举办作出的积极贡献。,澎湃新闻,李强今天会见上海的这些“国际高参”,https://www.thepaper.cn/newsDetail_forward_2571290,2小时前,2018-10-27 20:01:51
21,据了解，目前，内蒙古正逐步对濒危战国长城、秦汉长城、金界壕、明长城的重点段落，分期、分批开展抢救保护工作，力争在3年至5年内基本排除威胁长城的隐患。,澎湃新闻,视频｜外交官打call进博会⑤：来感受印尼优质的水果,https://www.thepaper.cn/newsDetail_forward_2571188,2小时前,2018-10-27 20:01:51
22,对于印度尼西亚国家馆来说，咖啡和水果无疑是最大的亮点，另外还有一些非常具有热带特色的食品，比如山竹、凤梨和香蕉。总领事女士欢迎大家来印尼国家展感受热带风情。印,澎湃新闻,安倍访华｜泰公司挤进首批协议，有望开耕第三方合作试验田,https://www.thepaper.cn/newsDetail_forward_2571181,2小时前,2018-10-27 20:01:51
23,在此次首届中日第三方市场合作论坛上，泰国公司挤进了首批协议中，中日泰合作的泰国东部经济走廊有望成为中日第三方合作的试验田。,澎湃新闻,6岁女孩照顾高位截瘫父亲，直播两年引46万网友关注,https://www.thepaper.cn/newsDetail_forward_2571209,2小时前,2018-10-27 20:01:51
24,帮父亲刷牙、洗脸、按摩、翻身、喂饭……只要是不上学的时候，这便是六岁女孩佳佳的日常生活，一转眼已经过去了近两年。女儿的乖巧懂事，让田海成有了活下去的勇气和希望。,澎湃新闻,迟福林：可推行员工持股，使部分产业工人进入中等收入群体,https://www.thepaper.cn/newsDetail_forward_2571096,2小时前,2018-10-27 20:01:52
25,他建议，应以扩大中等收入群体为重点，加快利益结构调整，“可推行员工持股，使部分产业工人进入中等收入群体”。,澎湃新闻,北京国企今年涨薪禁超13%，除非满足这5个条件,https://www.thepaper.cn/newsDetail_forward_2571236,2小时前,2018-10-27 20:01:52
26,26日，北京市人力社保局发布了2018年本市企业工资指导线，职工平均工资增长的基准线为8.5%，与上一年度持平。建议企业最高涨薪不超13%，最低涨4%。,澎湃新闻,马云登顶这份榜单惹毛阿里：质疑发榜动机，胡润否认制榜收礼,https://www.thepaper.cn/newsDetail_forward_2571047,2小时前,2018-10-27 20:01:52
27,54岁的马云及其家族减持美国上市公司阿里巴巴股份后获利110亿，成为“2018套现大王”。海康威视副董事长龚虹嘉及其夫人陈春梅套现79亿元位列第二。,澎湃新闻,张立：人工智能平台助力行业智能化变革,https://www.thepaper.cn/newsDetail_forward_2571257,2小时前,2018-10-27 20:01:52
28,在2018科创领袖论坛上，云从科技副总裁张立发表了“人工智能平台助力行业智能化变革”的主题演讲。,澎湃新闻,一对日本夫妇眼中的中国30年,https://www.thepaper.cn/newsDetail_forward_2567999,2小时前,2018-10-27 20:01:52
29,从1981年到2015年间，有一对日本夫妇每年都会来中国。他们拍摄并记录下中国30多年所经历的时代巨变，以及民间生活里从未改变的温情与日常。,澎湃新闻,第十四届全国见义勇为英雄模范评选表彰启动：个人最高奖十万,https://www.thepaper.cn/newsDetail_forward_2571162,2小时前,2018-10-27 20:01:52
30,近日，中宣部、政法委、公安等多部门联合发出《关于举办第十四届全国见义勇为英雄模范评选表彰活动的通知》，向全国征选见义勇为英模候选人事迹。,澎湃新闻,偷渡后，消失在纽约红灯区的女孩,https://www.thepaper.cn/newsDetail_forward_2568993,2小时前,2018-10-27 20:01:52
31,今天的故事，来自法拉盛的华人和一名偷渡女孩。女孩进入这个肤色各异、鱼龙混杂的魔幻之地，她的命运根本不在自己手中，她不知道正在追逐的梦，从一开始就是会破碎的。,澎湃新闻,我为里根访华作安全防爆检查,https://www.thepaper.cn/newsDetail_forward_2567844,2小时前,2018-10-27 20:01:52
32,我想里根看到那么多人欢迎他，恐怕也是既高兴又担心的。他第一次来中国，不了解中国的情况，加上恐怖组织扬言要在中国刺杀他，肯定让他更为担心。,澎湃新闻,详解上海集中签约12个外资项目：超1亿美元项目有5个,https://www.thepaper.cn/newsDetail_forward_2570988,2小时前,2018-10-27 20:01:52
33,10月27日，12个重量级外资项目在上海集中签约，涉及总金额合计约234亿人民币，投资金额超过1亿美元的大项目有共有5个。,澎湃新闻,"公职人员称""给贫困户立牌位""引争议",https://www.thepaper.cn/newsDetail_forward_2571160,3小时前,2018-10-27 20:01:52
34,"近日云南昭通。荞山镇合管办一工作人员在朋友圈发""贫困户，政府就差给你立个牌位给你供着了""，引村民不满。当事人称本意是夸政府的扶贫政策，但措辞不当。当地政府介入。",澎湃新闻,沙特外长：记者卡舒吉遇害案嫌犯将在沙特被起诉,https://www.thepaper.cn/newsDetail_forward_2571204,3小时前,2018-10-27 20:01:52
35,据法新社报道，27日，沙特阿拉伯外交部长表示，记者卡舒吉被杀案的嫌疑人将在沙特被起诉。此前，土耳其方面曾呼吁引渡这些嫌疑人。,澎湃新闻,1978-2018上海市民生活记忆・口述｜中日合资的华钟,https://www.thepaper.cn/newsDetail_forward_2570259,3小时前,2018-10-27 20:01:52
36,如果说四十年来的改革开放在上海是部连续剧，那么每位市民都是这部现实主义实景剧目的主人公。这是一则关于1987年中日合资华钟袜子有限公司成立的口述回忆。,澎湃新闻,光明网评论：“科研经费结题后给”是谁家的规矩,https://www.thepaper.cn/newsDetail_forward_2571161,3小时前,2018-10-27 20:01:53
37,一个市级攻关项目，竟冠冕堂皇让大学教授自筹经费搞科研，还搬出了直到验收合格才下拨经费的“当地惯例”――究竟为何？,澎湃新闻,四川叙永县：不同意“嘉兴市绿色能源公司固体废物跨省移出”,https://www.thepaper.cn/newsDetail_forward_2571158,3小时前,2018-10-27 20:01:53
38,叙永县发布关于“嘉兴市绿色能源公司固体废物跨省移出情况公示” 的情况说明称，不同意接收嘉兴拟转运的生活垃圾焚烧飞灰固化物。,澎湃新闻,“黑作坊”生产有毒牛百叶，江西法院判决被告人从业禁止,https://www.thepaper.cn/newsDetail_forward_2571159,3小时前,2018-10-27 20:01:53
39,在经营的作坊内用工业级双氧水浸泡牛百叶、猪喉管，并对外销售，被告人被判处刑罚的同时，被判决赔礼道歉和从业禁止。,澎湃新闻,2018世界城市文化论坛：聚焦“一带一路”，畅谈文化品牌,https://www.thepaper.cn/newsDetail_forward_2570494,3小时前,2018-10-27 20:01:53
40,10月26日，2018世界城市文化论坛在沪开幕。300多名海内外专家学者齐聚一堂，围绕“一带一路：文化交流与文化品牌”这一主题，展开了积极而富有创见的研讨。,澎湃新闻,我和艺术节｜祖忠人：艺术节是老百姓的节日,https://www.thepaper.cn/newsDetail_forward_2541230,3小时前,2018-10-27 20:01:53
41,艺术的盛会，人民大众的节日，走过20年的上海国际艺术节将国内外一流剧目带到上海。澎湃新闻推出“我和艺术节”系列短视频，邀您了解艺术家和上海国际艺术节的故事。,澎湃新闻,周嘉宁：什么是强大的虚构能力,https://www.thepaper.cn/newsDetail_forward_2570919,3小时前,2018-10-27 20:01:53
42,周嘉宁一直是个安静甚至有些羞涩的写作者，但可能正是这种安静，使得她有了持续写作并且不断深入的能力。而且，在羞涩的背后，往往流露出她对文字的坚定和执拗。,澎湃新闻,上海国际艺术节｜全景版歌剧《晨钟》：和庸俗赛跑,https://www.thepaper.cn/newsDetail_forward_2571044,3小时前,2018-10-27 20:01:53
43,今年5月，歌剧《晨钟》率先以双钢琴伴奏音乐会版的形式亮相，经过5个月的专家会诊和打磨，11月2日，《晨钟》即将以全景版亮相上海大剧院。,澎湃新闻,《诗人》：一幅矿城众生相,https://www.thepaper.cn/newsDetail_forward_2570623,3小时前,2018-10-27 20:01:53
44,与一些同样讲述转型时代小人物故事、以被抛弃的工业城市为背景的电影相比，《诗人》里没有多少怀旧情绪，只见一种看透的悲凉。,澎湃新闻,上海引进外资再签大单：12个重大项目集中签约共234亿元,https://www.thepaper.cn/newsDetail_forward_2570943,3小时前,2018-10-27 20:01:53
45,12个项目中，投资金额超过1亿美元的大项目有：落户于嘉定的蔚来汽车增资项目，落户于青浦的安能聚创增资及总部、研发中心项目，落户于浦东的上汽通用融资租赁项目等。,澎湃新闻,北京前三季度拆违腾退土地超4000公顷，超额完成全年任务,https://www.thepaper.cn/newsDetail_forward_2571135,3小时前,2018-10-27 20:01:53
46,今年前三季度，北京市“疏解整治促提升”专项行动总体进展超八成，其中全市拆除违法建设已腾退土地达到4174.9公顷，完成全年任务的105%。,澎湃新闻,41位院士专家赴四川，开展决策咨询、技术指导等服务,https://www.thepaper.cn/newsDetail_forward_2571146,3小时前,2018-10-27 20:01:53
47,10月27日上午，“助力脱贫攻坚、决胜全面小康――中央人才工作协调小组专家咨询服务活动四川行”启动仪式在成都举行。,澎湃新闻,新华每日电讯：自媒体还很年轻，但这不是成为法外之地的借口,https://www.thepaper.cn/newsDetail_forward_2571109,3小时前,2018-10-27 20:01:53
48,自媒体还很年轻，但这不是让制度姑息迁就，成为法外之地的借口。整个市场需要自我规范，也需要政府有形之手、法律之手的及时规范和惩戒。,澎湃新闻,为给游戏充值，苏州5年级女童遭男子引诱拍摄不雅视频,https://www.thepaper.cn/newsDetail_forward_2571145,3小时前,2018-10-27 20:01:54
49,近日，苏州一位家长点开朋友圈，竟看到自己未成年女儿的不雅视频，原来女孩为了给游戏充值，被一男子引诱拍摄了不雅视频。,澎湃新闻,四川巴中一轿车弯道高速行驶撞上面包车，致2死3重伤,https://www.thepaper.cn/newsDetail_forward_2571140,3小时前,2018-10-27 20:01:54
50,两车行驶在南江前往巴中的101省道，由于大众男子驾驶汽车过快在弯道行车不减速的情况下，与对向行驶来的五菱汽车迎头碰撞。,澎湃新闻,江苏泰州一官员一审获刑9年，曾为儿子出国挪用公款78万,https://www.thepaper.cn/newsDetail_forward_2571152,3小时前,2018-10-27 20:01:54
51,2012年至2013年期间，刘玉平的儿子出国，他为了办理出国留学手续，挪用通泰公司公款78万元归个人使用。,澎湃新闻,进博会期间如何去国家会展中心或虹桥枢纽？上海交警发布提示,https://www.thepaper.cn/newsDetail_forward_2571130,3小时前,2018-10-27 20:01:54
52,11月1日至11日，上海市部分道路和区域因进博会采取临时交通管制。那么，进博会期间如何前往国家会展中心或虹桥枢纽呢？27日，上海交警发布出行提示。,澎湃新闻,叙诡笔记｜鬼都以礼相待的人，你们居然给打了？！,https://www.thepaper.cn/newsDetail_forward_2567888,3小时前,2018-10-27 20:01:54
53,个别部门虽然把“严厉打击伤医事件”挂在口头，叫得满天响，但总的来说不仅应对乏术，而且居然还能把医生遭遇殴打时的自卫判成“互殴”，也真的是令人啼笑皆非。,澎湃新闻,两岁男童幼儿园轻咬女同学脸，被对方父亲连扇几耳光,https://www.thepaper.cn/newsDetail_forward_2571031,3小时前,2018-10-27 20:01:54
54,近日，有家长反映，安徽合肥庐江县金川名城幼儿园发生了一起打人事件，一名两岁男童因轻咬女同学脸，被对方家长连扇了几个耳光。目前，打人家长已被警方拘留。,澎湃新闻,伤病阴影笼罩世界羽坛，是什么让林丹们吐槽不断？,https://www.thepaper.cn/newsDetail_forward_2563684,3小时前,2018-10-27 20:01:54
55,开赛前后，马林、安赛龙、安东森、王子维以及杜h等多位球员因为身体原因退出，而其余的运动员，例如凡尘组合和周天成等也因为伤病或者疲劳的原因早早遭到淘汰。,澎湃新闻,官方回应“阜阳师范学院更名大学”：已完成专家考察等环节,https://www.thepaper.cn/newsDetail_forward_2571094,3小时前,2018-10-27 20:01:54
56,目前，该校更名大学已完成省高校设置评议委员会专家实地考察等申报设置环节。根据院校设置有关规定，该校更名大学须报经教育部审批。,澎湃新闻,留守儿童与网游｜教育社会学视野下的留守儿童与网络游戏,https://www.thepaper.cn/newsDetail_forward_2570210,4小时前,2018-10-27 20:01:54
57,如果主流教育社会学者也去研究农村留守儿童的网络游戏现状，可能会有两路贡献，一是发展专门面向留守儿童的媒体文化启蒙或者媒体文化批判教育，二是探索“社会教育合力”。,澎湃新闻,对“天人合一、道法自然”的洞天福地，刚刚通过一份保护倡议,https://www.thepaper.cn/newsDetail_forward_2570356,4小时前,2018-10-27 20:01:54
58,2018年10月24日，在清华大学，10余位专家学者与来自全国各地洞天福地的代表共叙“洞天福地”的跨学科研究和文化遗产保护，并通过了《保护“洞天福地”的倡议》。,澎湃新闻,埃尔多安喊话沙特：交出嫌犯，让我们来审判他们,https://www.thepaper.cn/newsDetail_forward_2570958,4小时前,2018-10-27 20:01:54
59,土耳其总统埃尔多安再次发声，要求沙特公布卡舒吉的尸首所在地，还喊话称如果沙特不知道如何让嫌犯开口，那就交给土耳其，让他们来审判。,澎湃新闻,乾隆皇帝龙袍将在伦敦拍卖，1912年曾被英国军官购买,https://www.thepaper.cn/newsDetail_forward_2571050,4小时前,2018-10-27 20:01:54
60,乾隆皇帝的一件“御制蓝绸捻金银绣金龙十二章吉服袍”将于11月8日在伦敦拍卖。1912年，英国准将奥夫利 萧尔在北京旅游时购买了这件龙袍，并由后人保存迄今。,澎湃新闻,两岸媒体访上海：我们有共同的历史应该奔向共同的未来,https://www.thepaper.cn/newsDetail_forward_2571078,4小时前,2018-10-27 20:01:55
61,上海和台北都是在历史的机缘中成长起来的城市，台北人走在上海街头都有一种亲近感，上海人来到台北，也能感觉到那种从历史深处飘来的呼吸。,澎湃新闻,透视前三季度市场环境形势：主体活力迸发，竞争环境稳步改善,https://www.thepaper.cn/newsDetail_forward_2571074,4小时前,2018-10-27 20:01:55
62,26日，国家市场监管总局新闻宣传司司长、新闻发言人于军在发布前三季度市场环境形势时表示，我国市场主体活力不断增强，为经济繁荣发展增添了新的动力。,澎湃新闻,郑州出招揽才：设百亿创业基金，建2.5万套人才公寓,https://www.thepaper.cn/newsDetail_forward_2571058,4小时前,2018-10-27 20:01:55
63,“100亿人才创业基金，2.5万套人才公寓期待天下人才落户郑州。努力让人才在郑州创业有机会，创新有平台，干事有舞台，发展有空间，生活有温度。”,澎湃新闻,海南副省长：海南全岛将实施现行自由贸易试验区的试点政策,https://www.thepaper.cn/newsDetail_forward_2570966,4小时前,2018-10-27 20:01:55
64,海南省副省长沈丹阳在致辞时表示，海南全岛将实施现行自由贸易试验区的试点政策，对照投资自由化便利化要求，实施更加开放的管理制度。,澎湃新闻,飞蝗石、龙须钩、梅花袖箭：清代都有哪些暗器？,https://www.thepaper.cn/newsDetail_forward_2545005,5小时前,2018-10-27 20:01:55
65,暗器大多数不始于清代，但至清代而集其成。清人极喜用之，自清室王子及官绅士卒，至工商各界，均有人练习而使用之。,澎湃新闻,苏炳添谈中国田径队军训：厕所最艰苦，我射击打0环,https://www.thepaper.cn/newsDetail_forward_2570141,5小时前,2018-10-27 20:01:55
66,苏炳添谈到了之前的手枪射击体验：“我一环都没打中，队友都说我怎么往山上打，巩立姣也是0环，打得最好的是李玲，打了20环。”,澎湃新闻,男子高速公路驾车逆行33公里被刑拘，自称走错了道不敢调头,https://www.thepaper.cn/newsDetail_forward_2570957,5小时前,2018-10-27 20:01:55
67,27日，四川警方发布案情通报：25日在雅西高速逆行近33公里的驾驶员余某，因涉嫌犯罪被刑事拘留。此前，余某已受到罚款200元、驾驶证一次性记12分的处罚。,澎湃新闻,当代上海玉雕艺术作品展举行，十位名家近百件作品展出,https://www.thepaper.cn/newsDetail_forward_2570945,5小时前,2018-10-27 20:01:55
68,上海工艺美术行业协会会长耿鸿民透露，下一步要研究促进海派文化保护传承发展的政策，建立一批新的大师工作室，形成特色区域和保护发展基地。,澎湃新闻,五部门清理“唯论文”做法，院士吁改革评价标准时防矫枉过正,https://www.thepaper.cn/newsDetail_forward_2569582,5小时前,2018-10-27 20:01:55
69,清华大学博士论文造假、南京大学教授被指学术不端，近日媒体接连曝光的两条热点新闻，让高校人才评价体制再次引起讨论。,澎湃新闻,“网戒中心尖叫”视频拍摄者：出于同情拍视频，下次选择报警,https://www.thepaper.cn/newsDetail_forward_2569840,5小时前,2018-10-27 20:01:55
70,10月26日，“网瘾中心的尖叫”视频拍摄者葛龙徒（化名）离开临沂市兰山公安分局育才路派出所，他称是听见孩子哭喊出于同情发了视频，下次选择报警。,澎湃新闻,婆婆不同意引产丈夫不作声，孕妇欲跳楼,https://www.thepaper.cn/newsDetail_forward_2570817,5小时前,2018-10-27 20:01:55
71,10月24日，重庆。李女士意外怀孕，孕期服用了感冒药，担心影响胎儿想引产，但婆婆不同意。此时丈夫又不帮着自己说话，李女士觉得孤立无援想跳楼，被民警救下。,澎湃新闻,全国道德模范方敬逝世，曾帮扶260余位寒门学子步入高校,https://www.thepaper.cn/newsDetail_forward_2570649,5小时前,2018-10-27 20:01:56
72,华东师范大学退休教授、第六届全国道德模范、中国好人、“现代乡贤”方敬先生10月26日晚因病在家中去世，享年88岁。,澎湃新闻,初当“父母”！澳大利亚水族馆一对雄性企鹅成功孵化出后代,https://www.thepaper.cn/newsDetail_forward_2570657,5小时前,2018-10-27 20:01:56
73,在澳大利亚悉尼的一水族馆内，一对同性的雄性企鹅正在体验初为“父母”的喜悦。在成为父亲之前，他们还通过了测试，发现其身上具有成功养育后代的特征。,澎湃新闻,福建将太极拳列为高中会考引热议，专家：武术进校园任重道远,https://www.thepaper.cn/newsDetail_forward_2570944,5小时前,2018-10-27 20:01:56
74,此次将太极拳列入高中必考科目，能否为武术进校园提供新的探索？在部分专家和从业者看来，传统武术进校园之路依然任重道远。,澎湃新闻,专家评网民对语文教材的质疑：质疑者应态度谨慎，做好功课,https://www.thepaper.cn/newsDetail_forward_2570920,5小时前,2018-10-27 20:01:56
75,在浙江社会学会会长杨建华看来，网民对语文教材的质疑以及主编的回应，恰恰体现了国人对小学语文教育的重视。,澎湃新闻,圆桌对话：出行行业自主创新如何避免“闭门造车”,https://www.thepaper.cn/newsDetail_forward_2570400,5小时前,2018-10-27 20:01:56
76,10月26日，以“新经济 新智造“为主题的2018科创领袖论坛在上海举行。嘉宾们共同进行了以自主创新如何避免“闭门造车”为主题的圆桌对话。,澎湃新闻,圆桌对话：资本如何更好助力科技创新,https://www.thepaper.cn/newsDetail_forward_2570445,6小时前,2018-10-27 20:01:56
77,2018科创领袖论坛在上，澎湃新闻宏观经济部记者张唯作为对话主持，与嘉宾们共同进行了以：资本如何更好助力科技创新为主题的圆桌对话。,澎湃新闻,强科栋：科大讯飞人工智能可以为汽车产业带来什么,https://www.thepaper.cn/newsDetail_forward_2570510,6小时前,2018-10-27 20:01:56
78,2018科创领袖论坛在上海举行。论坛上，科大讯飞智能汽车事业部产品总监强科栋发表主题演讲，分享了自己关于人工智能时代的智能汽车产业变革的思考。,澎湃新闻,90岁DNA之父、诺贝尔奖得主驾车滑入6米深沟，头部受伤,https://www.thepaper.cn/newsDetail_forward_2570951,6小时前,2018-10-27 20:01:56
79,DNA双螺旋结构发现者之一、曾获诺贝尔奖的生物学家，现年90岁的詹姆斯・沃森于27日在美国冷泉港驾车时，在下坡转向时不小心冲进约6米的沟里，造成头部受伤。,澎湃新闻,张掖通报“民政局招考成绩两次公布不一致”：责任人免职降级,https://www.thepaper.cn/newsDetail_forward_2570942,6小时前,2018-10-27 20:01:56
80,甘肃张掖有考生称，张掖甘州区社会救助服务岗位考试两次公布的成绩不一。对此，甘州区官方回应，认定后一次公布成绩有效，对相关责任人给予党内警告、免职、降级等处分。,澎湃新闻,石家庄“丢”了条小河沟：埋河治污是一劳永逸还是急功近利？,https://www.thepaper.cn/newsDetail_forward_2570904,6小时前,2018-10-27 20:01:56
81,督查组给出的整改建议大多都落实，可小河没了。按要求巡查组要上报每条黑臭河整改进展，可这份材料不好填，在“消除黑臭和未消除黑臭”“整改完成与没完成”之间该怎么填？,澎湃新闻,"卡舒吉未婚妻拒绝特朗普访美邀请，指其“别有用心""",https://www.thepaper.cn/newsDetail_forward_2570811,6小时前,2018-10-27 20:01:56
82,卡舒吉未婚妻在采访中表示，不会接受美国总统的邀请前往白宫，因为她认为美国政府“别有用心”。她还透露，卡舒吉死前两人刚为自己的新家购买了家具，但是未婚夫却不在了。,澎湃新闻,首届中日第三方市场合作论坛在京举行，52个项目名单公布,https://www.thepaper.cn/newsDetail_forward_2570820,6小时前,2018-10-27 20:01:56
83,10月26日，第一届中日第三方市场合作论坛在北京成功举办，国务院总理李克强、日本首相安倍晋三共同出席论坛并致辞。与此同时，首届达成的52个合作项目公布。,澎湃新闻,法治的细节蛐淌侣墒Γ必需品还是奢侈品？,https://www.thepaper.cn/newsDetail_forward_2570854,6小时前,2018-10-27 20:01:57
84,也许有一天，我们真正做到了刑事律师辩护的全覆盖，法律在根本上才是公正的，法律才不会因为歧视贫穷和无知而丧失其神圣和高贵。,澎湃新闻,专家谈进博会｜杨长ィ核是国家要扩大进口的最高层级平台,https://www.thepaper.cn/newsDetail_forward_2570504,6小时前,2018-10-27 20:01:57
85,日前，国家发改委对外经济研究所综合室副主任杨长ケ硎荆进博会的开幕对于当前形势下的中国经济发展，有着重要的意义。,澎湃新闻,驻洛杉矶总领馆：塞班机场明日开放，滞留公民可办理购票改签,https://www.thepaper.cn/newsDetail_forward_2570858,6小时前,2018-10-27 20:01:57
86,驻洛杉矶总领馆通报，塞班国际机场将于28日对民航飞机开放，滞留的中国公民与有关航空公司联系机票购买、改签等事宜。,澎湃新闻,李克强对2018世界生命科学大会作出重要批示,https://www.thepaper.cn/newsDetail_forward_2570855,6小时前,2018-10-27 20:01:57
87,2018世界生命科学大会10月27日在京开幕，中共中央政治局常委、国务院总理李克强作出重要批示。,澎湃新闻,C919、ARJ21飞机转场南昌试飞，项目带动作用初显,https://www.thepaper.cn/newsDetail_forward_2570859,6小时前,2018-10-27 20:01:57
88,10月27日9时3分，C919大型客机第二架机从山东东营胜利机场起飞，历经2小时6分，平稳降落在江西南昌瑶湖机场，圆满完成本次转场飞行任务。,澎湃新闻,美国爆炸包裹嫌犯被捕，系特朗普支持者,https://www.thepaper.cn/newsDetail_forward_2570839,6小时前,2018-10-27 20:01:57
89,当地时间10月26日，美国警方在佛罗里达州逮捕一名涉嫌向多名政要邮寄爆炸装置的男子。该男子名叫萨约克，今年56岁，曾有多次犯罪前科。据悉他是总统特朗普的支持者。,澎湃新闻,贾跃亭和恒大打嘴仗，恒大：FF诉讼花掉2000万元投资款,https://www.thepaper.cn/newsDetail_forward_2570760,6小时前,2018-10-27 20:01:57
90,接近恒大的人士则表示，恒大健康作为上市公司，公告内容的发布会非常严谨，都会负法律责任。目前恒大内部正在与律师团队研究，考虑对FF及贾跃亭提起诉讼。,澎湃新闻,ABB机器人超级工厂落户上海，将带动上海机器人产量翻一番,https://www.thepaper.cn/newsDetail_forward_2570803,6小时前,2018-10-27 20:01:57
91,ABB集团将投资1.5亿美元（约10亿元人民币），在上海康桥新建一座全球最大、最先进、最具柔性的机器人超级工厂，实现“用机器人制造机器人”。,澎湃新闻,梁漱溟：只有发妻配做自己的妻子,https://www.thepaper.cn/newsDetail_forward_2568045,6小时前,2018-10-27 20:01:57
92,梁漱溟的弟子胡应汉结婚，梁书赠条幅曰：“男女居室，西人言爱，中国主敬，敬则爱斯久矣。”此大概可看作梁漱溟的婚姻观吧。,澎湃新闻,美媒称美司法机构正就特斯拉涉嫌虚报产量展开调查,https://www.thepaper.cn/newsDetail_forward_2570806,6小时前,2018-10-27 20:01:57
93,美国司法机构正对美国电动汽车制造商特斯拉开展刑事调查，以确定该公司是否曾在去年年初虚报旗下Model13轿车产量，对投资者进行误导。,澎湃新闻,生态环境部：前九月全国环境行政处罚案罚没106.31亿元,https://www.thepaper.cn/newsDetail_forward_2570799,7小时前,2018-10-27 20:01:57
94,今日，生态环境部向媒体通报各地2018年1-9月环境行政处罚案件与《环境保护法》配套办法的执行情况。,澎湃新闻,徐润龙任浙江省药品监督管理局局长、党组书记,https://www.thepaper.cn/newsDetail_forward_2570802,7小时前,2018-10-27 20:01:58
95,徐润龙，1965年3月生，此前担任浙江省卫计委副主任、党组成员，浙江省政协文化卫生体育委员会副主任。,澎湃新闻,ABB宣布将在沪投资1.5亿美元新建全球最先进机器人工厂,https://www.thepaper.cn/newsDetail_forward_2570732,7小时前,2018-10-27 20:01:58
96,瑞士工业巨头ABB集团宣布，将在中国投资1.5亿美元新建一座其全球最大、最先进、最具柔性的机器人工厂，实现用机器人制造机器人。,澎湃新闻,四川安岳一村支书被指取走低保户低保款，县纪委介入调查,https://www.thepaper.cn/newsDetail_forward_2570666,7小时前,2018-10-27 20:01:58
97,针对“四川安岳低保户吴玉华等4户人家低保金被村支书吴松林取走”一事，安岳县委宣传部相关负责人回应澎湃新闻称，目前安岳县纪委、民政局、城西乡党委政府已介入调查。,澎湃新闻,韩下周开始单独举行两场军演，美上周刚宣布取消联合军演,https://www.thepaper.cn/newsDetail_forward_2570371,7小时前,2018-10-27 20:01:58
98,在第二次美朝首脑会谈召开之前，美国正在对朝鲜同时展现“强硬”和“柔和”的两张面孔。一方面不断对朝鲜展示诚意，另一方面又继续对朝施压，进行制裁。,澎湃新闻,大别山废弃军工厂的新生：画家来了,https://www.thepaper.cn/newsDetail_forward_2568102,7小时前,2018-10-27 20:01:58
99,上世纪六十年代，一批军工厂落户大别山深处。安徽霍山县诸佛庵镇就有五座，后来军工厂陆续外迁，老厂房渐渐破落。如今，这些老厂房却迎来了一批批画家入驻，又热闹起来。,澎湃新闻,新疆维吾尔自治区机构改革方案获批：确保机构改革风清气正,https://www.thepaper.cn/newsDetail_forward_2570728,7小时前,2018-10-27 20:01:58
100,自治区党委副书记、自治区主席雪克来提・扎克尔主持会议。自治区党委副书记李鹏新宣读了党中央、国务院批准的《新疆维吾尔自治区机构改革方案》。,澎湃新闻,盲人按摩师卜范金：心底要留有一抹阳光,https://www.thepaper.cn/newsDetail_forward_2570744,7小时前,2018-10-27 20:01:58
101,山东潍坊46岁的按摩师傅卜范金曾意外失去了右前臂和左眼，后来一次车祸，连右眼也失明了。虽然也曾自杀过，但现在他开着自己的推拿店，还乐观地开导着认识的年轻人们。,澎湃新闻,宋庆龄陵园的访客,https://www.thepaper.cn/newsDetail_forward_2568577,7小时前,2018-10-27 20:01:58
102,一百年前，宋氏家族在上海万国公墓买好了全家人的墓地。他们也许曾约定离世后葬在一起，但没料到，这块墓地没有实现家人的团圆，却看尽了历史的沧桑。,澎湃新闻,柯卫东蛏杲旧闻抄,https://www.thepaper.cn/newsDetail_forward_2550013,7小时前,2018-10-27 20:01:58
103,有关上海的旧书，虽然没有特别收集，但有时候看见喜欢的买回家，也收藏了一些，其中有两册是最喜欢的，其一是《申江胜景图》，其二为畹香留梦室所著《旧上海》。,澎湃新闻,“不愿苟活”的年轻药师出走后,https://www.thepaper.cn/newsDetail_forward_2555600,7小时前,2018-10-27 20:01:58
104,大学毕业后，在医院上班的药师唐功伟查出重病，自认癌症将死。他留下一封信后，离家出走，称不愿余生如废人般苟活，将这个残酷的结果往前推数年。,澎湃新闻,“虎穴英雄”徐楚光,https://www.thepaper.cn/newsDetail_forward_2567114,7小时前,2018-10-27 20:01:58
105,1948年，华东野战军占领山东济南。此时在南京保密局招待所内，一名被软禁的“犯人”看到国民党报纸上“济南沦陷”的消息时，不禁哈哈大笑，他就是“红色特工”徐楚光。,澎湃新闻,在美国读高中是怎样一种体验？,https://www.thepaper.cn/newsDetail_forward_2567571,7小时前,2018-10-27 20:01:58
106,在朱夏妮居住于美国的家庭写作业的空隙，或凝神呆望窗外夜空中渐行渐远的飞机闪烁的尾灯时，她也拿起笔捕捉下自己生活中的留下印痕的瞬间。,澎湃新闻,军民融合成果代码测试产品进探月工程，测试效率提升5倍,https://www.thepaper.cn/newsDetail_forward_2568739,7小时前,2018-10-27 20:01:59
107,10月22-24日，第五届上海军民两用技术促进大会及军民两用技术成果展在上海举行。展会上，上海控安自主研发的代码测试产品曾进入探月工程，测试效率提升5倍。,澎湃新闻,进口博览会期间，上海超七成高速公路收费员将“带妆上岗”,https://www.thepaper.cn/newsDetail_forward_2570488,7小时前,2018-10-27 20:01:59
108,首届中国国际进口博览会期间，上海城投公路集团负责运营的高速公路各路段收费人员都将带妆上岗，展示上海高速公路良好的窗口形象。,澎湃新闻,“高精尖”登场！首届中国国际进口博览会不一般,https://www.thepaper.cn/newsDetail_forward_2570594,7小时前,2018-10-27 20:01:59
109,10月26日，《新闻联播》以《中国国际进口博览会展品正式进馆》为题，介绍了首届进博会展品进馆情况。,澎湃新闻,赵志远任山东东营市代市长，赵豪志已任省应急管理厅厅长,https://www.thepaper.cn/newsDetail_forward_2570681,7小时前,2018-10-27 20:01:59
110,赵志远，1968年4月生，曾任山东省政府副秘书长，2016年任山东省地质矿产勘查开发局局长、党委书记，近日已任东营市委副书记。,澎湃新闻,张康阳当国米主席只因有个“好爸爸”？我们误解了这个年轻人,https://www.thepaper.cn/newsDetail_forward_2570138,7小时前,2018-10-27 20:01:59
111,在推特等社交网络中，意大利国米球迷纷纷为史蒂文・张点赞，反而是中国球迷有些“冷嘲热讽”。那么，张康阳只是父亲张近东的“影子”和“苏宁少东家”？,澎湃新闻,"四川天全""黑校车""核载7人实载25人，司机被立案侦查",https://www.thepaper.cn/newsDetail_forward_2570628,8小时前,2018-10-27 20:01:59
112,执勤民警经过核查，该车核定载客7人，实际载客25人。其中学生23人、随车教师1人、驾驶员1人，严重超员达257%。,澎湃新闻,"可享""特色服务""? 西安部分男士养生馆色诱办卡套路深",https://www.thepaper.cn/newsDetail_forward_2570568,8小时前,2018-10-27 20:01:59
113,之前参与过此类会所经营李先生告诉记者，商家先通过言语诱导顾客办卡，后面顾客就算知道没有“特色服务”，但碍于面子，也不会选择揭穿。,澎湃新闻,海峡两岸新媒体访上海：体验科创魅力，关注在沪台湾青年发展,https://www.thepaper.cn/newsDetail_forward_2570240,8小时前,2018-10-27 20:01:59
114,生于台湾高雄的中共十九大代表，复旦大学外国语言文学英文系教授卢丽安告诉澎湃新闻，学校里面的台湾学生，比较关心实习、就业跟创业这方面的话题。,澎湃新闻,暖闻｜医学生在沪街头救人命，学校免其两年1万多学费住宿费,https://www.thepaper.cn/newsDetail_forward_2570184,8小时前,2018-10-27 20:01:59
115,对此，江苏护理职业学院副校长傅玉峰告诉澎湃新闻（www.thepaper.cn），韩宝鑫已经入围“江苏好人榜”，将于10月27日下午进行颁奖。,澎湃新闻,重庆市政协原副主席张国忠逝世，享年92岁,https://www.thepaper.cn/newsDetail_forward_2570433,8小时前,2018-10-27 20:01:59
116,重庆日报消息：重庆市政协原副主席、副省（部）长级退休干部张国忠同志因病于2018年10月23日逝世，享年92岁。,澎湃新闻,深圳警方正调查“迷你贷”平台，债权人可线上登记报案,https://www.thepaper.cn/newsDetail_forward_2569995,8小时前,2018-10-27 20:01:59
117,深圳市公安局龙华分局于10月16日对深圳市恒领投资咨询有限公司涉嫌非法吸收公众存款进行受理调查。,澎湃新闻,黄豆豆“宋庆龄讲坛”开讲：想要成功，坚持比什么都重要,https://www.thepaper.cn/newsDetail_forward_2570155,8小时前,2018-10-27 20:02:00
118,10月26日，著名舞蹈艺术家黄豆豆走进宋庆龄学校主办的“宋庆龄讲坛”，与全校1000多名几岁到十几岁的学生聊了聊自己的舞蹈生涯。,澎湃新闻,一家人组团碰瓷，以为天衣无缝，最后还是栽了！,https://www.thepaper.cn/newsDetail_forward_2570436,8小时前,2018-10-27 20:02:00
119,孙某交代了其于4月3日晚，与妻子刘某以及妻子弟弟刘某斌事先谋划，驱车尾随酒驾车主进行刮蹭，敲诈事主共计7000元的犯罪事实。,澎湃新闻,笛安：我特别愿意写怀抱不甘心的人,https://www.thepaper.cn/newsDetail_forward_2570281,9小时前,2018-10-27 20:02:00
120,工作坊南京站首日，作家笛安以 “从龙城到景恒街”为题在南师大进行了主题演讲，讲述了她笔下现代城市发展中蓬勃与失落，城市人精神的彷徨和归依。,澎湃新闻,陈楸帆：科幻不只是小说,https://www.thepaper.cn/newsDetail_forward_2570375,9小时前,2018-10-27 20:02:00
121,科幻作家陈楸帆以“科幻如何激发科技创新”为题作了主题演讲。在他看来，科幻是一种变革的文学。科幻是西方文明对于工业革命以及科学革命在文化上的反应。,澎湃新闻,3D昆曲电影《景阳钟》亮相东京电影节，获“艺术贡献奖”,https://www.thepaper.cn/newsDetail_forward_2570160,9小时前,2018-10-27 20:02:00
122,首部中国3D昆剧电影《景阳钟》在日本第三十一届东京国际电影节亮相。这也是中国传统戏曲电影第一次登上东京电影节的舞台，并获得重要奖项。,澎湃新闻,麦克尤恩：听说有人说我邪恶，我很想见见他,https://www.thepaper.cn/newsDetail_forward_2570174,9小时前,2018-10-27 20:02:00
123,从早期的《赎罪》《水泥花园》到近年来的《追日》《坚果壳》，创作力依然旺盛的伊恩・麦克尤恩，某种层面上几乎定义了读者们对英国当代文学的全新认识。,澎湃新闻,FF称仲裁全面获胜恒大健康误导股民，恒大考虑起诉贾跃亭,https://www.thepaper.cn/newsDetail_forward_2570285,9小时前,2018-10-27 20:02:00
124,FF称日前在香港国际仲裁中心提交的针对恒大健康（00708.HK）的紧急救济申请取得了胜利，仲裁庭驳回了恒大以FF没有履行协议中的义务为由拒绝支付融资款的提法。,澎湃新闻,300多部电影、900多部电视剧拍摄地，这里为你“造梦”,https://www.thepaper.cn/newsDetail_forward_2570304,9小时前,2018-10-27 20:02:00
125,来到上海松江区的上海影视乐园，即车墩影视基地，有如坐上“时空穿梭机”，许多影视剧作品曾在此取景，比如《建党伟业》《功夫》《情深深雨鳌返取,澎湃新闻,最“难产”中日韩自贸协定迎来新机遇,https://www.thepaper.cn/newsDetail_forward_2568000,9小时前,2018-10-27 20:02:00
126,中日韩自贸协定之所以曲折反复，最重要的原因是三国政治关系时常因为历史和领土原因充满波折，进而影响了自贸协定谈判。,澎湃新闻,个人所得税专项附加扣除:可能的减税成效及完善方向,https://www.thepaper.cn/newsDetail_forward_2567352,9小时前,2018-10-27 20:02:00
127,本次个税专项附加扣除将大约释放2000亿左右的减税红利。今后可以在如下方面进一步完善：一是采取灵活多样的扣除方式；二是进一步完善亲属纳税人之间的减税利益分配。,澎湃新闻,“四叶草”日记：这个布展中的展馆居然自带“广场舞”气氛,https://www.thepaper.cn/newsDetail_forward_2570409,9小时前,2018-10-27 20:02:00
128,首届进口博览会真是“不一般”。除了这两天陆续抵达上海的各色展品让人充满期待外，展台搭建的现场也大大颠覆了记者以往对于布展阶段的印象。,澎湃新闻,央视快评：让世界爱上中国造,https://www.thepaper.cn/newsDetail_forward_2570357,9小时前,2018-10-27 20:02:00
129,10月22日至25日，习近平总书记在格力电器和明珞汽车装备公司考察时强调指出，“实体经济是一国经济的立身之本、财富之源。先进制造业是实体经济的一个关键。,澎湃新闻,人民日报：工业污染防治形势依然严峻，防治工作不能放松,https://www.thepaper.cn/newsDetail_forward_2570286,9小时前,2018-10-27 20:02:01
130,工业污染防治向纵深推进，末端治理、源头防治两手发力，在精准性和科学性上下功夫。工业污染防治向纵深推进,澎湃新闻,32岁云南扶贫干部吴国良车祸逝世，获追授省优秀共产党员,https://www.thepaper.cn/newsDetail_forward_2570265,9小时前,2018-10-27 20:02:01
131,今年4月26日，任东川区汤丹镇扶贫办副主任、中河村党支部书记的吴国良，在检查农村危房改造补助资金兑付情况的出差途中遭遇车祸不幸逝世，年仅32岁。,澎湃新闻,光大集团召开警示教育大会：通报10起违纪违法典型案例,https://www.thepaper.cn/newsDetail_forward_2570260,9小时前,2018-10-27 20:02:01
132,近日，中国光大集团召开警示教育大会，通报10起近年来集团系统查处的违纪违法典型案例，启动集团总部和各直属企业本部警示教育系列活动。,澎湃新闻,2017年度央企资资产负债率68.1%，地方国企为62%,https://www.thepaper.cn/newsDetail_forward_2570358,9小时前,2018-10-27 20:02:01
133,2017年，中央国有企业资产总额76.2万亿元，负债总额51.9万亿元，国有资本及权益总额16.2万亿元，资产负债率68.1%。,澎湃新闻,体坛联播｜国乒大满贯李晓霞诞下千金，恒大两亿买塔利斯卡,https://www.thepaper.cn/newsDetail_forward_2566671,9小时前,2018-10-27 20:02:01
134,据辽宁鞍山媒体《千山晚报》在社交网络透露，国乒大满贯得主李晓霞顺利诞下一女，“宝宝生了，顺产，6斤6两，母女平安。”,澎湃新闻,违停车堵住快递门，鄂H被改成“鄂日”,https://www.thepaper.cn/newsDetail_forward_2570378,9小时前,2018-10-27 20:02:01
135,10月23日，湖北武汉。一辆越野车堵住快递配送站大门。交警发现车牌“H”被贴上不干胶变成“日”。经查车主没有故意变牌。目前车主违停被罚，警方在寻找变牌作案者。,澎湃新闻,司机深夜撞伤流浪汉立即送医，被广西交警赞“最棒肇事者”,https://www.thepaper.cn/newsDetail_forward_2570130,9小时前,2018-10-27 20:02:01
136,莫先生推测伤者是一名流浪汉且无法正常与人交流，便将他扶进车里，驱车赶往医院。莫先生当晚留在医院，衣不解带地照顾了流浪汉一整夜，还为他购置了800元衣物……,澎湃新闻,北大学者型领导空降山西大学，非一流大学能否逆袭？,https://www.thepaper.cn/newsDetail_forward_2570211,9小时前,2018-10-27 20:02:01
137,落选“211”的山西大学，始终在困境中求生存、找出路，为了寻求“中央高校俱乐部”的入场券而突围了20年。,澎湃新闻,山东拟立法确定“月经假”：医院证明痛经或过多，可休一两天,https://www.thepaper.cn/newsDetail_forward_2569652,9小时前,2018-10-27 20:02:01
138,10月25日，《山东省女职工劳动保护办法》公开征求意见，办法意见稿中明确了不少用人单位应当给予女职工的保护，月经假、哺乳假都要有法可依了！,澎湃新闻,重庆前三季度GDP为14773.3亿元，同比增长6.3%,https://www.thepaper.cn/newsDetail_forward_2570359,9小时前,2018-10-27 20:02:01
139,前三季度，重庆市实现地区生产总值14773.30亿元，按可比价格计算，同比增长6.3%。全市经济呈现总体平稳、更趋协调的发展态势。,澎湃新闻,河北省纪委书记赴中国红十字会任职，今年7省份纪委书记调整,https://www.thepaper.cn/newsDetail_forward_2570199,9小时前,2018-10-27 20:02:01
140,提名梁惠玲同志为中国红十字会常务副会长人选，徐科同志不再担任中国红十字会常务副会长职务，按《中国红十字会章程》规定办理。,澎湃新闻,一周观展指南 | 奈良今启正仓院展，上图将现“镇馆之宝”,https://www.thepaper.cn/newsDetail_forward_2562866,9小时前,2018-10-27 20:02:02
141,渐入深秋，各地艺术展览酝酿着接二连三的沸点。11月1日，上海图书馆将拉开2018年度大展。10月27日，奈良与东京同时开启“正仓院”与“蒙克”两场重磅大展。,澎湃新闻,全国政协双周座谈会：中国人口发展正在出现重大转折性变化,https://www.thepaper.cn/newsDetail_forward_2570272,9小时前,2018-10-27 20:02:02
142,十三届全国政协第十三次双周协商座谈会26日在京召开。中共中央政治局常委、全国政协主席汪洋主持会议并讲话。,澎湃新闻,转基因标识：风险意识与食品安全的逻辑辩争,https://www.thepaper.cn/newsDetail_forward_2534833,9小时前,2018-10-27 20:02:02
143,转基因标识并不是一个单纯的技术和食品管理问题，其实施涉及到经济、贸易、文化、科研等诸多方面。由于粮食作物全球贸易的存在，也会影响到国际贸易和要素流动。,澎湃新闻,药明康德回应将人血清作为犬血浆出境：早已整改并处罚当事人,https://www.thepaper.cn/newsDetail_forward_2570275,9小时前,2018-10-27 20:02:02
144,药明康德在回应中表示，媒体报道的2016年10月科技部处罚，是针对苏州药明之前存在的不合规行为所作出的，药明康德并未新增该类行政处罚及不合规行为事项。,澎湃新闻,土耳其司法部：要求沙特引渡记者遇害案18名嫌犯,https://www.thepaper.cn/newsDetail_forward_2570273,10小时前,2018-10-27 20:02:02
145,26日，土耳其司法部声明称，土耳其总检察院已准备向沙特提出请求，引渡涉嫌参与谋杀沙特记者卡舒吉的18名嫌疑人。,澎湃新闻,我国加快医药卫生立法：重拳打击“医闹”、化解疫苗焦虑,https://www.thepaper.cn/newsDetail_forward_2570249,10小时前,2018-10-27 20:02:02
146,问题疫苗案件触目惊心，假药、天价药让患者望“药”兴叹，频发的“医闹”事件伤“医”又伤“患”。,澎湃新闻,泪目！监控还原牺牲民警张雪松奋力扑向持刀歹徒瞬间,https://www.thepaper.cn/newsDetail_forward_2570242,10小时前,2018-10-27 20:02:02
147,10月23日晚，一名手持利刃的在逃嫌疑人沿路狂奔，民警张雪松迎着尖刀冲了上去，奋力将其扑倒！搏斗中，嫌疑人举起锋利的尖刀向张雪松凶狠扎去！,澎湃新闻,证券时报：当前谈楼市调控放松为时过早,https://www.thepaper.cn/newsDetail_forward_2570183,10小时前,2018-10-27 20:02:02
148,未来随着房地产市场的不断变化，在把握住中央“房住不炒”和“坚决遏制房价上涨”的指导思想下，各地方政府可能会考虑根据当地的市场供求关系，因地制宜适当调整。,澎湃新闻,纪念｜洗尽铅华见本色 ――读朱豹卿先生,https://www.thepaper.cn/newsDetail_forward_2551375,10小时前,2018-10-27 20:02:02
149,浙江人民美术出版社的《名师大家画稿精选》选了三位大家，其中黄宾虹、潘天寿广为人知，而另一位朱豹卿先生或是陌生的名字，着高逸笔墨的豹翁在当下的意义何在？,澎湃新闻,中日正式签署AEO互认安排，进出口企业更享通关优惠便利,https://www.thepaper.cn/newsDetail_forward_2570261,10小时前,2018-10-27 20:02:02
150,日本是我国第三大贸易伙伴，据统计，2018年1至9月，中日进出口额合计2437亿美元，同比增长10.7%。同期，共有7.33万家中国企业对日本有出口业务。,澎湃新闻,北约重启冷战航空站，以便美军部署反潜巡逻机追踪俄潜艇,https://www.thepaper.cn/newsDetail_forward_2570168,10小时前,2018-10-27 20:02:02
151,近日，北约重新启用了冰岛的一座航空站，以便美军部署反潜巡逻机，追踪据称“活动日益频繁”的俄罗斯潜艇。,澎湃新闻,工作坊蛉线建设工业遗产应该如何保护和利用,https://www.thepaper.cn/newsDetail_forward_2565036,10小时前,2018-10-27 20:02:03
152,10月24-25日，“中英当代工业遗产：价值及保护与利用”工作坊在上海大学举行。近80位国内外工业遗产领域的政府官员、学者和从业人员与会。,澎湃新闻,专访山西大学卸任校长贾锁堂：必须有“帽子”，才能名正言顺,https://www.thepaper.cn/newsDetail_forward_2570239,10小时前,2018-10-27 20:02:03
153,“有名分比什么都重要。然后你自己争气一点、干好些。慢慢地，咱们再争取更多的支持，争取更多的资源，不能一下子向国家提更高的要求。”,澎湃新闻,五问“执行不能”：案件“执行不能”，法院就不管了吗,https://www.thepaper.cn/newsDetail_forward_2570167,10小时前,2018-10-27 20:02:03
154,人民法院通常以终结本次执行程序的方式结案，并纳入“终本案件库”管理，公开接受社会监督，一旦发现有财产必须及时恢复执行，尽最大努力兑现胜诉当事人的合法权益。,澎湃新闻,李如林卸任最高检副检察长,https://www.thepaper.cn/newsDetail_forward_2569563,10小时前,2018-10-27 20:02:03
155,李如林，男，汉族，1955年1月出生，河南泌阳人，1972年12月参加工作，1975年6月加入中国共产党，中央党校在职研究生班法学理论专业毕业，研究生学历。,澎湃新闻,9月份全国规模以上工业企业利润总额同比增4.1%,https://www.thepaper.cn/newsDetail_forward_2570280,10小时前,2018-10-27 20:02:03
156,2018年前三季度，全国规模以上工业企业利润总额增长14.7%，增速比1-8月份减缓1.5个百分点，其中，9月份利润增长4.1%。,澎湃新闻,刘任远任天府新区成都党工委员书记，杨林兴不再担任,https://www.thepaper.cn/newsDetail_forward_2569780,10小时前,2018-10-27 20:02:03
157,10月26日下午，天府新区成都直管区召开领导干部大会。会议宣布，刘任远同志任中共四川天府新区成都工作委员会书记，杨林兴同志不再担任。,澎湃新闻,AI企业谈中国医疗最大问题：不是“大数据”，是“数据大”,https://www.thepaper.cn/newsDetail_forward_2570186,10小时前,2018-10-27 20:02:03
158,目前中国的医疗数据碎片化严重，医疗资料不均衡，因此国内的医疗产业发展，需要从数据源的整理做起，需要时间去慢慢成长、发展。,澎湃新闻,中国妇女十二大将于10月30日至11月2日在京召开,https://www.thepaper.cn/newsDetail_forward_2570217,10小时前,2018-10-27 20:02:03
159,记者日前从全国妇联获悉，经党中央批准，中国妇女第十二次全国代表大会将于10月30日至11月2日在北京召开。,澎湃新闻,河北广播电视台一当红主播离职：妻子即将临盆，回湖北工作,https://www.thepaper.cn/newsDetail_forward_2569801,10小时前,2018-10-27 20:02:03
