,classes_name,header,news_url,pubtime,savetime
0,[国际],全媒风向 | 用户现在可以知道在Facebook上所花的时间,http://news.qq.com/a/20181124/009392.htm,11月24日20:09:55,2018-11-24 20:13:04
1,[国际],全媒风向 | Twitter的“探索”选项卡改版为分主题呈现,http://news.qq.com/a/20181124/009355.htm,11月24日19:59:01,2018-11-24 20:13:05
2,[国内],购物、度假、留学！美国资深媒体人：中国中产阶层消费热情不减,http://news.qq.com/a/20181124/008902.htm,11月24日18:02:36,2018-11-24 20:13:05
3,[国内],“无厘头”之父广州圆梦：想当内地和香港的文化桥梁,http://news.qq.com/a/20181124/008893.htm,11月24日17:58:03,2018-11-24 20:13:05
4,[国内],海关总署：平行汽车进口保税仓储将不设期限,http://news.qq.com/a/20181124/008878.htm,11月24日17:53:21,2018-11-24 20:13:05
5,[国内],“90后”女工特高压电线上“跳芭蕾”,http://news.qq.com/a/20181124/008801.htm,11月24日17:37:23,2018-11-24 20:13:05
6,[图片],澳大利亚新南威尔士州连遭沙尘暴和林火侵袭,http://news.qq.com/a/20181124/008537.htm,11月24日16:59:16,2018-11-24 20:13:05
7,[国内],特区建设者重温深圳速度,http://news.qq.com/a/20181124/008496.htm,11月24日16:48:38,2018-11-24 20:13:05
8,[国内],【改革开放40年・共话三农】农业兴百业兴 乡村“花样”谋振兴,http://news.qq.com/a/20181124/008483.htm,11月24日16:46:40,2018-11-24 20:13:05
9,[国内],零下38℃！中国最冷小镇消防员满面霜花训练,http://news.qq.com/a/20181124/008436.htm,11月24日16:39:12,2018-11-24 20:13:05
10,[国内],推进改革开放 成功把中国特色社会主义推向二十一世纪,http://news.qq.com/a/20181124/006423.htm,11月24日13:17:38,2018-11-24 20:13:05
11,[国内],叶辅平：革命队伍的军需先驱,http://news.qq.com/a/20181124/004941.htm,11月24日10:49:41,2018-11-24 20:13:05
12,[国内],雪乡旅游都“明码标价”，为什么还有人表示“不相信自己的眼睛”,http://news.qq.com/a/20181124/003809.htm,11月24日09:32:20,2018-11-24 20:13:05
13,[国内],习近平将访问西班牙阿根廷巴拿马葡萄牙四国并出席G20峰会,http://news.qq.com/a/20181124/003530.htm,11月24日09:19:25,2018-11-24 20:13:06
14,[社会],吉林省辽源市东丰县一机械公司爆炸起火 伤亡不明,http://news.qq.com/a/20181124/000325.htm,11月24日02:28:05,2018-11-24 20:13:06
15,[社会],吉林省辽源市东丰县一机械公司爆炸起火 伤亡不明,http://news.qq.com/a/20181124/000258.htm,11月24日02:03:02,2018-11-24 20:13:06
16,[社会],重庆法官遇刺案见义勇为狱警牺牲，妻子刚怀孕数月,http://news.qq.com/a/20181124/000091.htm,11月24日00:42:03,2018-11-24 20:13:06
